Paulo;paulo@ufn.com.br
Gabriel;gabriel@ufn.com.br
Lucas;lucas@ufn.com.br
Alexandre;alexandre@ufn.com.br
Carol;carol@ufn.com.br
Skarlet;skarlet@ufn.com.br
