Carol;carol@ufn.com.br;Paulo;paulo@ufn.com.br
Diego Luan;diego.luan@ufn.com.br;Carol;carol@ufn.com.br
Paulo;paulo@ufn.com.br;Gabriel;gabriel@ufn.com.br
Alexandre;alexandre@ufn.com.br;Lucas;lucas@ufn.com.br
Lucas;lucas@ufn.com.br;Alexandre;alexandre@ufn.com.br
Skarlet;skarlet@ufn.com.br;Diego Luan;diego.luan@ufn.com.br
Gabriel;gabriel@ufn.com.br;Skarlet;skarlet@ufn.com.br
